codigo,nome,contato,email,fone
1086,7 ESTRELAS AUTO PEÇAS,,,
570,A CASA DO GRAFIATO,,,3622-6769/363514
1156,A E S COMERCIO DE SEGURANÇA ELETRONICA L,,,
6,A FELIZARDO TAUBATE EPP,,,3632-7813
1140,A S S SILVA SISTEMAS DE SEGURANCA,,contato@totaleletronicos.com.br,17 3363-9615
1180,A. DE. SOUZA CAMPOS & V. L. DE SOUZA CAM,,,
517,A.A. COSTA EPP,,,
497,A.S. DE CARVALHO ELETROELETRONICOS ME,,,39313870
636,ABE COM. IMP. EXP. E REPRESENTAÇÕES LTDA,EDSON / ANDREIA,vendas@delphustecnologia.com.br,011 49902656
523,ABSOLUTA RETIFICA DE MOTORES LTDA,,,
510,ABUD & CARVALHO MEDICINA E SEGURANÇA DO,,valemed.medicina@terra.com.br,12 36222880
352,ACENT RÁDIO COMUNICAÇÃO MOTOROLA,,vendas@acent-radios.com.br,(11) 2201-1501
2,ACESSO DISTRIBUIDORA,,renata@naylux.com.br,1230266790
1024,ACT POWER,,,
55,ACTON INDUSTRIA ELETRONICA,VILMA,,(014) 33065450
56,ADAM DISTRIBUIDORA,,,(34) 3316-3907
754,ADEMIR LOPES,,,
58,AEDSOL SOLUÇÕES,eduardo,,(041) 3039-1960
7,AEROTEX EXTINTORES LTDA EPP,,,(12) 3922-1771
830,AG. ANDAIMES,,,3624-5151
8,AGAESSE PECAS AUTOMOTIVAS LTDA,ADRIANO GERENCIA,,(12) 3625-3322
46,AGENCIA VITRAE,FELIPE MARTINS,,(12) 8822-7831
9,AGENOR G. LEITE TAUBATE ME,AGENOR,,(12) 3633-2617
392,AGL FECHADURAS ELÉTRICAS LTDA,,,037-32121623
881,AGORA TELECOM,,,(11) 4058.9600
61,AGUA SERRANA,LOJA 1,,3631-3785
77,ALARM SISTEM-DISTRIBUICAO E TREINAMENTO,alarm sistem-distribuicao e,vendasitajai@asdt.com.br,49*3348-9009
65,ALARMA  EQUIPAMENTOS DE SEGURANCA,,,(041)218-7000
67,ALARME SANTA  RITA,ROBERTO,,(035)3471-1999
68,ALARME SOFT,WELLINGTON J.M. MAIA,,(31)9133-3313
69,ALARMWOLX,,,3814-2888
387,ALCATEIA ENGENHARIA DE SISTEMAS LTDA,,,(11) 3226-2626
1093,ALESSANDRA DE ARAUJO JORGE- ELETRO ELETR,MAURICIO,,39136537
971,ALEXANDRE S. C. DE ASSIS ELETRO-ELETRONI,,,
71,ALFA ALARMES - COM. DE COM.ELET. LTDA,MARCIA (ANTIGA BETATRONIC),,(41)3016-1752
552,ALFA SOLUCOES EM TECNOLOGIAS E AUTOMACAO,NILSON,,012 36334871
564,ALFACOMP AUTOMAÇÃO INDUSTRIAL LTDA,,,(051) 30297161
355,ALFANET DISTRIBUIDORA,ODALICE,contato@alfanetdistribuidora.com.br,(47) 3393-6321
11,ALGE METALURGICA LTDA,SANDRA,atendimento@algemetalurgica.com.br,(11) 2721-2006
687,ALIARA BRASIL,Ricardo Binatto,comercial@aliarabrasil.com.br,11 2246-1234
624,ALIVE DO BRASIL,,contato@alivebrasil.com.br /,(41) 3068-8500
79,ALLCOM,,,12*3294-3094
12,ALLISON FUKUMOTO - ME,RENATO / ALISSON,,(12) 3621-6319
782,ALO CARIMBOS,,,31) 3272-2101
1043,ALPHA ELETRONICOS DO BRASIL LTDA - EPP,,,11- 3976-9592
80,ALPHATRONICS,ADAM ISAAC MONTEALEGRE,,11*3936-8820
13,ALPHAVALE DISTRIBUIDORA DE INFORMÁTICA,HELENA / CAMILA,comercial.alphavale@hotmail.com,(12) 3933-8019
790,ALPLAN COMÉRCIO DE ALUMÍNIO LTDA,,,012 3901-425
389,AMAPLASTIC,,,(012) 3951-4412
72,AMERICA SATELITE,,,(19)3232-7202
388,AMERICANEXPLORER,,,(19) 2102.0550
524,ANCONSEG MANUTENÇÃO E COMÉRCIO DE SISTEM,,suporte@anconseg.com.br,0117865-8697
844,ANDERSON ALVES DOS SANTOS,Anderson,aresdapiloa@gmail.com,12 99206-7727
888,ANDRADE & RODRIGUES ALARMES LTDA,,,17 3212-1616
14,ANDRE LUIZ RAMIREZ - EPP,ANDRE LUIZ RAMIREZ,,(15) 3233-6550
1168,ANDREA NOGUEIRA FORTES MONITORAMENTO,,,
1081,ANGELCAM,,,
1157,ANGRATEL TELECOMUNICAÇÕES LTDA EPP,,,
73,ANIXTERN DO BRASIL LTDA,,,(11)3868-6644
1058,ANKO DO BRASIL PRODUTOS DE SEGURANCA ELE,Ismar William Alves Telles,,0800 887 0581
21,ANMY DO BRASIL,,,(11) 4063-6640
755,ANTONIO CARLOS MACEDO,,,
756,ANTONIO LUCIANO PINTO,,,
81,APPARATUS TECNOLOGIA,LUIZ RICARDO CASONI,,41*3364-9221
825,ARAMES BRAVO,,comercial@aramesbravo.com.br,024 3323-3335
817,ARBO EQUIPAMENTO,,,36331817
969,ARMANDO MANZIONE SENATORE ME,,,
82,ASPECTO PROFISSIONAL UNIFORMES,,,21*2254-3506
680,ASSISTENCIAROTEC,,roger@assistenciarotec.com.br,(11) 3273-3494
391,ASTERPLAS EMBALAGENS PLÁSTICAS,,vendas@sacosplasticos.net,11 4307-0030
400,ATD SHELTER INDÚSTRIA E COMÉRCIO LTDA,,atdshelter@atdshelter.com.br,(11) 3772-5069
15,AUTENTIC COMERCIAL E INFORMATICA LTDA,,autentic@autenticinfo.com,(11)  2097-6008
1038,AUTKOM COMERCIO E SERVICOS DE EQUIPAMENT,,AUTKOM@UOL.COM.BR,
85,AUTO MECANICA SOUZA,DONIZETE DE SOUZA,,12*9111-5085
422,AUTO PEÇA DISPICAR,3632-1014,,
17,AUTO PEÇAS OPÇÃO TAUBATÉ ME,DIEGO,,(12) 3632-6259
954,AUTO POSTO ALTY,,,
940,AUTO POSTO LEIRIA TAUBATE,,,
957,AUTO POSTO LIDER TAUBATE,,,
955,AUTO POSTO MARECHAL,,,
18,AUTO POSTO PETROVAL LTDA,,,(12) 3632-9433
16,AUTO POSTO SOGAL,MESSIAS,sogal@uol.com.br,(12) 3632-6531
19,AUTO VITRAIS E ACESSÓRIOS -  BIZORD LTDA,,,(12) 3632-1885
84,AUTOPATNER-PECAS E ACESSÓRIOS,ISAC,,12*3632-7001
86,AXYON DISTRIBUIDORA,,CONTATO@AXYON.COM.BR,11*3728-4404
20,AYATEX INDUSTRIA E COMERCIO DE ROUPAS,,,
732,AZLINK SOLUÇÕES EM TELECOMUNICAÇÕES,,info@azlink.com.br,11 4031-2924
837,AÇOS CORTANTES,,,
52,B.S. INTERATIVA COMERCIAL ELETRONICOS LT,,,014 32047944
27,B.Y. PNEUS E ACESSÓRIOS,YAMADA  / MAURO,bypneus@gmail.com,(12) 3629-7807
22,BACANA AUTOCENTER,GERSON DOS SANTOS,,(12) 3629-3514
979,BANCO BRADESCO 1011362-8,,,
39,BANCO BRADESCO S.A.,,,(12) 3635-1700
868,BANCO DO BRASIL - TAUBATÉ  AG.00000,,,
835,BANCO SANTANDER - TAUBATE - CENTRO,,,36347050
1012,BARBOSA & BONAFÉ,,,
1014,BARGANHA DE TAUBATE,,,
821,BATERIAS PIONEIRO INDUSTRIAL LTDA.,,pioneiro@bateriaspioneiro.com.br,49 3537-7500
547,BC TEC BRASIL,BRUNO RODRIGUES,brunorbinf@hotmail.com,1234136997
87,BDI INFORMATICA,MARCIA / PAULO / MARINA,,12*3916-4856
88,BEL MICROS,JAQUELINE,cidasilva19@hotmail.com,11*2107-7900
401,BELLFONE DISTRIBUIDORA,,,(011) 4061-8500
686,BERKAT DISTRIBUIDORA,,,(11) 2682-7343
351,BERTEK TELECOM,,,(27) 2121-5637
89,BINA MODAS ATACADÁO DA MODA FEMININA,ANE,,11*3326-0255
773,BINOTTO DISTRIBUIDORA DE MATERIAIS ELÉTR,JAMILE  / SHIRLEY / ESTEFANI,vendasbinotto@hotmail.com,12 3682-1224
1147,BJ SEG TAUBATE DISTRIBUIDORA DE MAT ELET,,,
632,BKL,JULIANA,contato@bkl.com.br,(12) 3209-9353
1121,BORBA & SANTOS TAUBATÉ LTDA EPP,,,
24,BORRACHARIA  SÃO FRANCISCO,JORGINHO,,
90,BOSCHI- SKIL DREMEL,ADERBAL,,7813-9417
93,BR1 DISTRIBUIDORA DE INFORMATICA,MICHEL HOFFMAN,,(047) 33664600
948,BRADESCO 3154-1011362-8,,,
40,BRADESCO LEASING S/A AR. MERC.,,,
42,BRADESCO SEGUROS S/A,,,
91,BRANDAO SEGURANCA,RENATO BRANDAO,,11*3676-1464
939,BRASCAN,,,
96,BRASIL VISION  SISTEM COMERCIAL LTDA,TOMIO / ROBERTO,,11*5031-7553
25,BRASIL VITÓRIA  NET IMPOT. EXPOT. LTDA,FERNANDA,,(11)  223-8513
92,BRASILTECK DISTRIBUIDORA DE INFORMATICA,,,47*3361-9085
94,BRAVIEW IND. DE PROD. ELET. DO BRASIL,0800-7044139,,35*3449-8800
978,BRAVISEG DISTRIBUIDORA,Sandro Oliveira,vendas@braviseg.com.br,(48) 3626-5655
95,BRAVO VICTOR RADIO COMUNICACAO,,,11*3361-8515
408,BRECHO ELIZETE,,,3624-1051
97,BRECHÓ ROSANA,,,12*3411-6474
98,BRECHÓ TOCA,PROX AO SANT. SAO BENEDITO,,12*3622-7900
409,BRIDA LUBRIFICANTES,,brida@bridalubrificantes.com.br,011 21000500
1119,BRILLIANT COM IMP E EXP LTDA,,,(11)3316-1442
563,BRUBEKI,,,
514,BRUNO CHIARAMONTE TRANS E LOC DE CAÇAMBA,,,12 36321884
99,BS  CABLES E WIRELESS,Antonio Alberto Correa,vendas@bscables.com.br,19*3236-0020
26,BSD SISTEMAS DE SEGURANCA LTDA ME,,,(41) 329-1699
101,BSS BRASIL SECURITY SISTEM,ELI FAISIBAIOFF,,11*3726-2900
102,BUILDING CONECTORES,,,11*2621-4811
949,BULHER METALURGICA,,contato@bulher.com.br,
603,BYCON.COM.BR,,leticia.zanoni@bycon.com.br,(11) 5096-1900
515,C E J COM. E ASSIS. TEC. DE ELETRODOMEST,,,
1163,CA DOS SANTOS MOURÃO,,,
121,CABALA TELECOM,,marcio@cabalatelecomvirtual.com.br,(31) 3267-3450
659,CABLETECH,,,012 3221-1300
377,CADRI DISTRIBUIDORA,SIMONE,contato@cadri.com.br,011 4169-5588
410,CAF INDÚSTRIA ELETRÔNICA LTDA.,,,(51) 3375.4000
758,CAIXA ECONOMICA FEDERAL,,,
105,CAJÉ IMPORTADORA,,,12*3621-7082
526,CAMARGO & CARDOSO TAUBATE LTDA,,,12 3624-9012
878,CAMBIUM NETWORKS,,,
726,CAMILA MANUTENÇÃO DE FERRAMENTAS ELÉTRIC,CAMILA,,36297040
28,CAMILA TREVISAN BATISTA ME,,,
107,CAMISÓDROMO,ANGÉLICA,,11*3315-9744
919,CAMPOS E TOLEDO TAUBATÉ LTDA,,,3624-3354
892,CANAA.SECURITY,Robert Toda.,,011 333399
1045,CAPACITEC COMPONENTES ELETRO-ELETRONICOS,,capacitec@gmail.com,(16) 3633-3635
29,CARDOSO & CARDOSO TINTAS DE TAUBATE LTDA,,,(12) 3621-2638
519,CARGLAS REPA. E TRO. DE VIDROS AUTOMOTI.,,,12 36229240
905,CARINA CESAR NASCIMENTO,Marcos,marcos.cesar1967@gmail.com,
994,CARLINHOS MANUTENÇÃO AUTOMOTIVA,CARLOS,,78151515
521,CARLOS A. P. DE ANDRADE CAÇAPAVA ME,,,1236811188
633,CARLOS COMPUTADORES DA SILVA PINHEIRO IN,,,012 3631-1224
30,CARMO BETIN MANUTENÇÃO DE VEICULOS,CARMO,,(12) 3633-5099
111,CARTUCHOS . COM,,,12*3621-1162
51,CASA 3 IRMÃOS,FERNANDA,,(12) 3632-6462
113,CASA DAS PLACAS EKT LTDA,ANTONIO BISPO DE OLIVEIRA,,12*3921-5303
545,CASA DE RECUPERAÇAO,JEFERSON VENDEDOR,,012 34242344
973,CASA DO AVICULTOR DO AMIGO BUENO LTDA,,,
114,CASA DO CONSTRUTOR,,,12*3633-4692
357,CASA DO PORTÃO AUTOMÁTICO,,ppasaojosedoscampos@ppa.com.br,12 3933-5516
115,CASA DO UNIFORME,,,12*362155-52
411,CASA DO ÓLEO,,,36323831
1123,CASA PARAFUSO ESTIVA,,,
116,CASAS BAHIA,,,12*3632-1814
842,CASASEG,,comercial@casaseg.com,(35) 3471-0337
117,CCD / BRASIL,,,11*3684-8737
735,CELINA DE FATIMA SILVA,,,3608-5513
118,CELY MARTINS ARAÚJO DE LIMA-SEGURANCA II,,,21*3406-8574
404,CENTRAL CABOS,,vendas@centralcabos.com.br,(11) 3222-5985
412,CENTRAL DAS ANTENAS,CARLOS,centraldasantenas@gmail.com,(12)39415853
1092,CENTRALTEC - RENATA DO SANTOS CAMPOS,,,
926,CENTRO AUTOMOTIVO AVENIDA DO POVO,,,
119,CENTROPORT COMERCIO DE PRODUTOS ELETRÔNI,TAINA / Jonas L. Silva  / DAIANE,martins@centroport.com.br,11*6642-9557
677,CENTURY BLINDAGENS DE IMOVEIS,,,
880,CEU TELECOM E SOLUÇÕES LTDA,,,(31) 3526-0777
120,CHAVEIRO CHAGAS,,,12*3629-7500
851,CIAZZANI DIVISORIAS,,ciazzani@ciazzani.com.br,(12) 3901.4252
518,CIPA PUBLICAÇÕES PROD. E SERV. LTDA,,,11 55854355
31,CITAL FERRAGENS,,,(12) 3632-7154
674,CITEC FAST COMPUTADORES,CARLOS,vendas_carloscomputadores@hotmail.com,12 34136987
694,CITROX,,,035 -34731081
1004,CLARO PARTICIAPÇÕES - NET,,,
999,CLARO TELECOM PARTICIPAÇÕES S.A.,,,(11) 994156555
1079,CLAUTEC ELETRÔNICA LTDA,PETRUCIO,,(11) 3333-0988
419,CLEAR CFTV INDÚSTRIA E COMERCIO DE PRODU,,,(35) 3471.7073
385,CLEBER CARDOSO MIRAO - ME,,contato@miraoinformatica.com.br,
122,CLEBER DE JESUS MAIA TRINDADE-ME,EDGAR,,
1085,CLEICE LUCY REIS AGUIAR,,,
625,CM DISTRIBUIDORA DE MOTO PEÇAS,,,011 5515-1100
129,COMERCIAL AVILA  VALLECOLOR LTDA LTDA,EDUARDO TEXEIRA,,12*3621-1714
990,COMERCIAL BARROS FERRAGENS E CONSTRUÇÃO,,,
1178,COMERCIAL CAMPINAS DE PRODUTOS ELETROMEC,,,
123,COMERCIAL DIOGO E SILVA LTDA-EPP (W & S),,,12*3901-2513
125,COMERCIAL ESTORIL,,,12*3682-3307
126,COMERCIAL J.H DE ANGELIS LTDA,,,12*3632-0717
124,COMERCIAL S. R . MENDONCA LTDA ME,MARCELO RONDELLI,,12*3944-5813
1111,COMERCIAL SEMAR DE PINDA LTDA,,,
638,COMERCIAL SÓ PORTÕES PRODUTOS ELETRÔNICO,,,(19) 3272-4284
127,COMERCIAL TADINI LTDA,JUNIOR,,35*3471-2707
372,COMERCIAL TUAN MATERIAIS PARA CONSTRUCAO,,,1236331311
1018,COMERCIAL TUAN MATERIAIS PARA CONSTRUCAO,,www.comercialtuan.com.br,12) 3634-6500
128,COMERCIAL VALE CABOS LTDA,,,12*3937-8228
130,COMERCIAL VALMOR LTDA,,,12*3631-3554
131,COMERCIAL Z SUL PRODUTOS ELET. LTDA,RACHEL-FONE.FAX 11*5586-7899,,11*5586-7880
132,COMERCIO DE SUCATA  CARLAO,CARLAO,,12*8173-5898
983,COMPONET ELETRO ELETRONICA E TELECOMUNIC,,,19) 3112-4900
1116,CONCERTINA DO VALE INDÚSTRIA E COMÉRCIO,,,3624-7383
133,CONDUVALLE,APARECIDO,,12*3931-6522
607,CONECT WI,,,(44) 4052-9491
538,CONFECÇAO BOCAINA,VALÉRIA,contato@executiveuniformes.com.br,012 34241864
683,CONFISEG HASTES,,,(17) 3344-0800
968,CONTA BRADESCO LEONOR,,,
1113,CONTROL ID,,,
893,CONTROLBR - TECNOLOGIA E SEGURANÇA,,,(11) 2376 - 121
665,CONTRONICS,,comercial.js@contronics.com.br,(11) 5083.2764
134,COPIADORA CAMPELLO MAQUINAS LTDA,,,12*3622-4303
135,COREVAL MATERIAIS ELETRICOS,FERNANDO N 3625-3300,,12*3625-3300
136,COX DAZZLER COM E REPRESENTACOES LTDA,SUZANA N CRISTOFOLETI,,11*3337-1666
137,CRIARTS,,,12*3621-4645
843,CRISTIAN RONDON RAMIRO,,,
138,CROCKETT INTERNACIONAL,,,
353,CROSSCONNECT,ADAN,vendas@crosscftv.com.br,(41) 3327-1505
139,CS DISTRIBUIDORA,DONIZETE SILVA / 9781-3753 /,,12*3939-8180
140,CSC INDUSTRIA COM. DE PROD. ELET.LTDA,,,35*3471-0770
906,D.P. COMERCIO TREMEMBE LTDA - ME,ALEXANDRE,dpdanilo@bol.com.br,997284897
1188,D4SIGN,,,
381,DANI CONDUTORES ELETRICOS LTDA,,dni@dni.com.br,(11) 3933-8888
498,DANIEL BUZZO ME,,,
142,DANIELLE DINIZ  ENEIAS DE CASTRO,DANIELLE,,11*3971-5641
143,DANKE DO BRASIL LTDA,,,19*3237-0374
1155,DATORA MOBILE TELECOMUNICAÇÕES,BRUNO,,11 91809-9999
145,DAYANA DA SILVA,LEANDRO,,12*3025-4495
1091,DB DETECTORES BRASIL IND. COM. LTDA.,,detectores@detectoresbrasil.com.br,(11) 4667-4001
406,DBM SISTEMAS LTDA,,,035 34711511
873,DCA DELTA CABLE AMERICAS LTDA,,,11 2526 5797
167,DECIBEL INDUSTRIA E COMÉRCIO LTDA.,,vendas@decibel.com.br,(11) 2916-6722
146,DECORACOES VERDE E AMARELA,GALVAO TEL 9771-8605,,12*3632-7986
1060,DEIVIDE RODRIGO LOPES ME,,,1149333577
855,DELL,,,
1109,DELL,,,
540,DELTAGLOBAL IND COM COMP INFOR E TELE LT,,,5130457899
147,DENKI INDUSTRIA,PEDRO MENDES,,35*471-2374
171,DEPOFILI IND TEXTIL LTDA,,,11*3784-3164
769,DEPOSITO CATAGUÁ,,,
571,DEPOSITO DICICO,,,(12) 3634-8400
148,DEPOSITO DO ALIRIO,ALIRIO DOS SANTOS,,0123622-1638
149,DEPOSITO DO GILSON MATERIAIS DE CONST.,GILSON,,12*3621-5395
572,DEPOSITO MAT.COSTRUÇÃO S. GERALDO MAGELA,,,1236225264
574,DEPOSITO OLIMPIA,,,1236217544
152,DEPOSITO SANTOS,OSNI,,12*3632-0066
413,DEPOSTITO TERRAS,,,(012)3633-3531
153,DESEMBARGADOR AUTO PECAS,,,12*3622-1423
154,DESFIRIAL COM. FERRAGEM,,,12*3621-9823
363,DESMANCHE,,,1236243491
368,DESMANCHE - BRASIL,,,1236217495
945,DESMANCHE - BSR AUTO PÉÇAS,,onsilv@uol.com.br,012 78115939
364,DESMANCHE - CIGANO,,,1236224451
155,DESMANCHE - CR AUTO PECAS,,,12*3633-8051
365,DESMANCHE - FALCÃO AUTO PÉÇAS,,,1236335822
158,DESMANCHE - KF,LÉO,,1236293887
295,DESMANCHE - MARANHÃO,,,12*3681-3504
367,DESMANCHE - RAINHA AUTO PÉÇAS,,,1236811212
370,DESMANCHE - SETE ESTRELAS,,,1236723856
156,DESMANCHE - SOUZA AUTO PECAS,REGINA BETO,,12*3624-9018
369,DESMANCHE - SÃO PEDRO,,,1236293887
159,DESMANCHE - TATU,DOUGLAS,,12*3633-1053
157,DESMANCHE - TIGRAO,,,0123635-5550
371,DESMANCHE - TREVO,,,1236220345
531,DEXCOM INDÚSTRIA E COMÉRCIO DE INFORMÁTI,,,1135230800
1096,DI PAULI DISTRIBUIDORA E COMERCIAL EIREL,,,
414,DICEL COMERC. DE COMPON. ELETR. LTDA,,,(011)  3225-0572
899,DICOMP DISTRIBUIDORA,,,(44) 4009-2826
803,DIGEMPREX-ROSE,,,
778,DIGISERVER,,digiserver@digiserver.com.br,(11) 2147-8800
713,DIJAVE MOTOS,,atendedijavemotos@terra.com.br,(12) 3961-1100
708,DIMEP,MARCOS,,(11) 3646.4000
1104,DIMEP,,,
161,DINAMIC WIRELESS,,,11*5668-8008
162,DIPECAR AUTO PECAS LTDA,Dito,,12*3632-1014
163,DISBRAU DISTRIBUIDORA DE UNIFORME LTDA,,,11*228-5491
164,DISIC -  AMATEL TELECOM,LEONARDO J. SCHIT,,12*3931-1028
612,DISPEMEC DISTRIBUIDORA AUTOPECAS,JESSICA (RAMAL 236),vendas@dispemec.com.br,012 2139-5840
166,DISPEVALE DISTRIBUIDORA DE AUTOPECAS,,,12*3924-9600
62,DISTRIBUICAO E TREINAMENTO,ALARM SISTEM-DISTRIBUICAO E,vendasitajai@asdt.com.br,(47)3348-9009
725,DISTRIBUIDORA CENTURY SEGURANCA ELETRONI,JULIANA,distribuidoracenntury.cftv@outlook.com,012 39342334
1050,DISTRIBUIDORA DE BEBIDAS AMBEV,,,36821966
373,DISTRIBUIDORA DE ELETRONICOS ROUTE66 LTD,CLAUDIO  / VINICUS Nextel:,paola.machado@route66.com.br,(012) 3919-6666
10,DISTRIBUIDORA DE ÁGUA SERRANA,,,3631-3785
681,DISTRIBUIDORA LEMANTI,RENAN,renan@lemanti.com.br,(11) 2711.3100
168,DISTRIBUIDORA MIUDEZAS LEAO,,,12*3105-1294
169,DISTRIBUIDORA MODESTO,AMANDA,pousoalegre2@distribuidoramodesto.com.br,35*3222-4660
512,DISTRIBUIDORA TRASCIR,,,011 33311811
536,DISTRIBUIDORA VALEIMPORT,MARCELO,suporte@ativalink.com.br,
709,DN AUTOMACAO,,sp@dnautomacao.com.br,(11) 4083.4150
170,DOCAR PINDA,,,
493,"DOKAR VEICULOS, PEÇAS E SERVIÇOS LTDA",,dokarveiculos@dokarveiculos.com.br,1236445444
165,DOPOFILI IND TEXTIL LTDA,,,(011) 3784 3164
35,DOUGLAS DONIZETE DOS SANTOS,DOUGLAS,douglasdonizete@ig.com.br,(12) 3621-4591
201,DR. ROGERIO AMARAL,,,
172,DROGARIA NOVO MILENIO,ALINE FIGUEIREDO BELLO LOPES,,12*3622-6529
173,DROGARIA POPULAR DO POVO,,,12*3621-5838
174,DUKA HONDA CACAPAVA,,,
175,DUPLO R UNIFORMES,,,11*3873-6544
176,DUTO PLAST DO BRASIL IND. DE PLAST. LTDA,,,11*2524-7699
178,DUTRA MAQUINAS,,,11*2795-8844
850,DUTRASHOP COM MOV USADOS E IMSERV LTDA,,,
1145,DX BRASIL,,contato@dx-brasil.ind.br,+55 46 3220 7300
179,DX CONTROL S.A,,,11*3875-4719
180,E.C. DA SILVA BORGES EPP,ISABEL,,12*8113-1373
395,ECOENERGIA,,contato@lojaecoenergia.com.br,051 30859964
181,ECP ELETRONIC CONTROLE E PROTECAO LTDA,BRANDAO,contato@ecp.com.br,0800-7726710
872,EDENILSON DONIZETE SOLDA JUNIOR - ME,,vendas@wirelesslink.com.br,
182,EDESP,PAULO ROGERIO,,12*36314931
647,EDISEG,,,11) 3966-8422
184,EDISEG DIST. DE EQUIP. DE SEG.ELET. LTDA,EDIVALDO,,11*4534-2932
907,EDMILTON CASTRO DA SILVA - ME,,,1236217915
34,EDMORBA,,,(011) 3879-3000
32,EDP BANDEIRANTE ENERGIA S.A.,,,0800-721-0123
1053,EDSON ROCHA,,,
502,EDUARDO FRANÇA DA SILVA ME,,,36352931
185,ELAINE CRISTINA M MORAES - ME,VALDIR,,12*3653-4513
1009,ELEKTRO ENERGIA,,,
188,ELETRICA NOVA LUZ LTDA,,,11*222-2699
189,ELETRICIDADE UNIVERSO LTDA,,EDSON,12*3621-5844
609,ELETRO BENEGIL,,,3424-2221
190,ELETROALARMES,PIRES,,12*3652-2639
191,ELETROAQUILA,,,12*3921--3794
192,ELETRONICA  MG,GLAUCO C. BRANDÃO,,35*3471-1932
586,ELETRONICA SANTANA,,eletronica.santana@e.eletronicasantana.,(11) 2823-7066
925,ELETRONICA TAUBATEC,,taubatetec@gmail.com,3629-2866
734,ELI DAMARIS DE ANDRADE DE MELO,,,3629-6547
739,ELIANA APARECIDA DE TOLEDO,,,
362,ELITE ELETRONICA,marcelo,vendas1@eliteeletronica.com.br,(19)3267-0114
1107,ELSYS,,,
780,EMBRASTEC,,embrastec@embrastec.com.br,(16) 3877-5510
785,EMERSON CARVALHO TAUBATE ME,,WWW.RODAOPARTS.COM.BR,12-3424-0201
1017,EMERSON RANULFO SIQUEIRA DOS SANTOS,,,30119084
193,EMILIO AUTO CENTER,,,12*221-7444
749,EMP BRAS CORREIOS E TELEGRAFOS,,,
194,EMPORIO TURLITE,,,12*3681-2958
986,EMPRESA BRASILEIRA DE TELECOMUNICAÇÕES S,,,
602,EMSIL,,,(012) 3941.1110
195,ENERBRAS,,,41*3392-3052
196,ENGEPAULO,,,12*3632-1389
197,ENGESBRAS TELECOMUNICAÇÕES LTDA,WAGNER,,11*6983-1335
198,ENTEC - ENSINO DE TECNOLOGIA,,,12*3621-1595
1103,EPSON,,,
199,ESKELSEN RECAP PNEUS COMER.REPRES.LTDA,,,12*3159-4000
483,ESPAÇO DIGITAL DISTRIBUIDORA DE ELETRO E,,contato@satimagem.com.br,(11) 3305-9100
203,ESPLANE FORROS E DIVISÓRIAS,,,19*3232-3451
909,EVOLUTION INDUSTRIA E COM. LTDA ME,,,
689,EXPRESSO 08 SERVICOS DE GUINCHO,JAIRO,,1236243784
204,FABIO EDUARDO CERA CALIL-ME CONFI HASTE,VENDAS,,19*3426-1870
205,FABRICA DE ANTENAS - INTERNET,,,12*3308-1559
207,FARMACIA DROGAMIL,WANDERLEI,,12*3632-9911
208,FASAN DISTRIBUIDORA DE AUTO PEÇAS,,,11*3998-8249
532,FASTE SERVIÇOS ESPECIALIZADOS EM ELETRÔN,André Sasso,comercial_fasteletronica@hotmail.com,014 81683122
587,FASTWIRELESS TELECOM,WELLINGTON,antonio.castanho@fastwireless.com.br,(19) 3829-2740
703,FATO DISTRIBUIDORA,,eduardo@fatodistribuidora.com.br,
209,FAUZI IND.COM DE MOLAS E ART.DE M. LTDA,,,11*4458-8605
696,FERCATRONIC MONT. E COM. DE PRODS  ELETR,,fercatronic@fercatronic.com.br,011 34924281
1175,FERNANDES BOTOSSI LTDA,,,
210,FERNANDO CAMPOS,,,12*984-3354
643,FERNANDO PEREIRA DA SILVA,,,
211,FERRAGENS AMORIM,,,12*3672-2161
699,FERRARIS METAL INDUSTRIA,,contato@ferraris.com.br,
212,FERRI COMERCIO DE VIDROS E ESPELHOS LTDA,ANTONIO,,11*3207-1188
591,FEVAP FERRO E AÇO VALE DO PARAÍBA,,,012 3633-2829
5,FICC DISTRIBUIDORA LTDA ME,,,36353920
213,FISHEL COM DE SISTEMAS ELETRONICOS LTDA,,,21*2569-6834
1054,FLEXMEDIA IND. E COM. DE EQUIP. E TECNOL,,,
214,FOCUS DISTRIBUIDORA LTDA,,,
1150,FOCUS TECNOLOGIA LTDA - EMISSÃO DE CERTI,,,
760,FOLHA DE PAGAMENTO- ZELADORIA,,,
863,FONTEK SOLUÇOES EM ENERGIA,,,35 3471 1201
1007,FRANCISCO IVAN NAGGY,,NAGY@ADV.OABSP.ORG.BR,1297070915
839,FRAPA INDUSTRIA E COMÉRCIO DE FIOS E CAB,Alexandre Fontes,,(11) 2682-3998
588,FSTELECOM,,,(41)3275-4301
1182,FUJIOKA ELETRO IMAGEM S.A,,,
1117,FULL HD DISTRIBUIDORA DE SEGURANÇA,,,
215,FULL WIRELESS,,contato@fullwireless.com.br,(19) 3731 7200
38,FULLTIME - GESTORA DE DADOS LTDA,,,(14) 34078800
216,FUNILARIA E PINTURA GAUCHO E  MEXIRICA,GAUCHO E MEXIRICA,,12*3632-5710
1099,FURUKAWA,,,
1129,FYBER TUNNING,,,
927,G M USINAGEM E COMÉRCIO DE PEÇAS,,,(12) 3633-4288
217,G. AZEVEDO LABEL GRAFI-FI,,,27*3327-3982
513,G.P. TAVARES DE SOUZA ELETRO-ELETRONICOS,,,36320608
218,G.S. FONG - G.S. INFORMATICA,ALINE OU GRASIELE,,12*3625-2188
848,GARCIA PINTOR RESIDENCIAL E COMERCIAL,,,12 92218799
828,GARCIA PINTURA,,,92218799
804,GAS BARÃO GÁS NATURAL VEICULAR,,,3624-9012
219,GECAR VEICULO,,,
220,GENNO,,,35*3471-6019
727,GERSON BEZERRA DA SILVA,,,
1042,GERTEC,,,
742,GESSO TALENTO,TICO,mingo.op@hotmail.com,1236744356
808,GIANT,,comercial@giantcftv.com.br,035 3471-7020
221,GIL CAR MULTIMARCAS - JUNIOR,JUNIOR 8132-5885,,12*3632-2689
222,GLK ELETRONICA  LTDA,,,11*4392-6994
1001,GOLDEN LAMPADAS,,,0800 602 2383
223,GOLDEN MOTOS,,,12*3642-6423
630,GOLDENDISTRIBUIDORA,ADILSON,adilson.batista@informatica.goldendistr,(11) 3646-6622
415,GOMY TRAFO,,,(012) 3631-5449
224,GOOD LUCK,,,43*3033-1105
225,GOUVEIA COMPUTADORES,,,12*3622-8669
501,GRAFICA E EDITORA SÃO BENEDITO PINDAMONB,,graf-ed-sb@uol.com.br,36428416
670,GRAFICA LUIZ,Luiz Calheiros,suport.grafico@hotmail.com,3686-5411
226,GRAFICA MOURA,,,12*3632-7207
416,GRAFICA VISÃO,WASHIGTON,visaograficaeditora@yahoo.com.br,3632-0206
37,GRAND. PRIX - ANDRÉ GUSTAVO J.  RODRIGUE,ANDRÉ,,(12) 3681-1243
227,GREATEK,Sra. VANJA,vanja@wlbr.com.br,12*3932-2500
764,GRIFFE INOVE CONFECÇÕES E ESTAMPARIA,99749-6932,CONTATO@GRIFFEINOVE.COM,3025-4495
228,GRUPO APOIO,,,11*858-6133
698,GRUPO DUTRAFER - RECICLAGENS INDUSTRIAIS,ORCAMENTOS@DUTRAFER.COM.BR,,3203-5200
896,GRUPO NATO,Felipe Augusto,,
626,GRUPOCYBERSHOP,Renato Ferreira,renato@grupocybershop.com.br,011 4805-8500
794,GRUPODHARMA RADIOCOMUNICACAO,,vendas04@grupodharma.com.br,(11) 4022-1300
781,GS FONG,,,
229,GSN GLOBAL SECURITY NET WORK,MARCOS TERRON,,113817-4262
719,GTECH ALARMES,Flávia Barbedo,vendas2@gtechalarmes.com.br,1233023287
230,GUARAUTO,,,12*3132-1244
1008,GUARIGLIA,,sac@guariglia.com.br,012 3654-1000
1080,GUIA TAUBATÉ,,,
691,GUINCHO FACIL,,,1236311940
231,GUSTAVO A.F. MARUCCO - ME,,,12*3157-7694
232,GWR ETIQUETAS E ADESIVOS,,,43*254-4290
1088,H. MARIOTTO FERRAGENS ME,,,(12)3622-8439
965,HABITISSIMO,,,
233,HASCO COMERCIO E IND. DE COMP. LTDA,,,11*5572-8040
860,HCJ DISTRIBUIDORA,,contato@hcjdistribuidora.com.br,11 2090-4999
384,HDL INDUSTRIA,,,(11) 4025-6500
234,HEBERT T. VARELLA E CIA LTDA,,,11*3311-7099
235,HENRIQUE CFTV DIGITAL,,,11*8224-1526
237,HORTO VEICULOS,,,12*3621-5482
238,HOUTER DO BRASIL,ANA LICE,,12*3935-3601
1102,HP,,,
776,HUNION COMERCIAL LTDA,,,(11)2958.3303
239,HYUNDAI,JUNIOR,,12*3632-8195
243,I.M.BARAKAT INFORMATICA - ME,,,12*3621-5358
1160,I9 DISTRIBUIDORA DE INFORMATICA E EQUIPA,,,12 9740-8210
557,IAH- HEL INDÚSTRIA DE ARTEFATOS METÁLIC,,,011 40534350
244,IBCE SISTEMAS DE SEGURANÇA,,,16*3968-3017
533,IBGE - INSTITUTO BRASILEIRO DE GEOGRAFIA,Aguinaldo Silva / Auzenira,,012 3632 2405
245,IDEAL BRASIL,,,19*3281-0080
246,IDS INFORMATICA,,,12*9725-2344
559,ILUMAC SISTEMAS ELETRÔNICOS,,,1432328646
1128,IMA CENTRO AUTOMOTIVO ESPECIALIZADO,,,
705,IMPERADOR ELETRÔNICA IMPORTADORA E DISTR,,imperador@imperadoreletronica.com.br,(11) 2218-2581
704,IMPORTADORA E DISTRIBUIDORA DE COMPONENT,,imperador@imperadoreletronica.com.br,(11) 2218-2581
248,IMPORTADORA E DISTRIBUIDORA SJC,,,12*3434-8864
247,IMPÉRIUS  COMERCIO E PREST. DE SERV.LTDA,,,11*2431-2220
249,IN COMPANY,,,11*6991-3211
250,IN COMPANY CONS. COM.DE INFOR. LTDA EPP,,,
251,INELTEC TECNOLOGIA LTDA,,,19*3256-6752
891,INES DO PRADO,,,
882,INFINIT WIRELESS,,SalesGlobal@infinetwireless.com,+356 2034-15-14
252,INFINITO MERCADO DE AUTOPÉÇAS,JOÃO,primoinfinito@terra.com.br,12*2123-5800
253,INSALTEC,MAURÍCIO PARAÍSO,,11*867-0828
380,INTELBRAS S.A. INDUSTRIA DE TELECOMUNICA,,saopaulo@intelbras.com.br,(11) 2169.4300
254,INTELLUX DISTRUBUIDORA DO BRASIL,,,21*3412-6331
255,INTERGODO COM. ELETRONICO LTDA,,vendas@intergodo.com.br,11*4330-7099
600,INTERSAT DISTRIBUIDORA,,comercial@intersatcomercial.com.br,(13) 3278-2800
859,INTERSEG DISTRIBUIDORA,,,
555,INTERSMART COM IMP E EXP DE EQUIP ELETR.,,,(11) 4084-9333
76,IOTEC INFORMÁTICA COMÉRCIO E SERVIÇO LTD,,vendas@iotec.com.br,(11) 5087-6777
256,IPC FIOS E CABOS ELETRICOS LTDA,,,11*6165-1121
500,IRMÃOS PIEROTTI UNIFORMES,,PIEROTTIUNIFORMES@UOL.COM.BR,1133263624
257,IRMÃOS PIEROTTI UNIFORMES,,,11*3326-3624
259,IRON WALL COMERCIO CGG E SERVIÇOS LTDA,,,11*5524-6616
1070,IRWIN FERRAMENTAS,,,
260,ITUSEG COM. PROD.ELET.LTDA,,,12*3931-4521
1184,J DAVIES ELETROFITAS,,,
1170,J E COMERCIAL LTDA,,,
710,J TOLEDO SUZUKI MOTOS DO BRASIL,,,0800 707 8020
261,J. A . PIMENTA TAUBATÉ,,,12*3633-5352
263,J.C. SERRALHERIA,,,12*9118-3386
264,J.F. AUTO PEÇAS E ACESSORIOS,,,12*3631-3364
816,J.L. MOTTA AUTO ELETRICA ME,JORGE,,36221142
43,J.N.DISTR.DE A.P.A.V. LTDA. EPP,,,(12) 3622-7555
265,JACO JAQUETAS,,,11*3951-5269
266,JACOMETTI REPRESENTAÇÕES LTDA,ELIANA OU HENRIQUE,,12*3622-4991
268,JAPA PNEUS,,,12*3621-3570
601,JASON HUANG,Jason Huang,jason@longse.com,+86 15919691183
270,JEDELSON CARVALHO DA COSTA ME,JEDELSON /  Sara,,11*3337-3049
63,JEFERSON GOMIDE SILVA SJC ME,,mrdistribuicao@mrdistribuicao.com.br,1239029048
269,JFL INDUSTRIA,,,35*3473-3571
560,JLG IMPORTA'CAO E DISTRIBUICAO,,,
1064,JOCAR PEÇAS E ACESSÓRIOS PARA VEÍCULOS,,,(11) 3797-0777
987,JORDÃO MOTOS,,,
1051,JORNAL CONDOMÍNIO NEWS TAUBATÉ,REGIANE,condnewstaubate@hotmail.com,(12) 99615-0615
1006,JOSE CLAUDEMIR COSTA EIRELI - M,,,
767,JOSE MAURO RIBEIRO 26797579805,VALDIR RIBEIRO,,1233333333
692,JOSÉ DEVANIL MARIOTO,JOSÉ DEVANIL MARIOTO,,1236335483
1059,JOSÉ SERGIO COSTA,,,
206,JOTA CAR RETÍFICA DE MOTORES,SUELI,,11*2705-9920
1057,JT SEG - JOÃO DE LIMA JUNIOR,,limajunior1963@hotmail.com,12-3207.6151
271,JUCA PNEUS E ACESSÓRIOS LTDA,,,12*3633-3456
418,JULI-PACK  PRODUTOS DE LIMPEZA DESCARTVE,,,(012) 3934-1365
886,JVB GALLEGO EPP,,,(16) 3723-9299
1068,JVSG SOFTWARES,,suporte @ jvsg.com,
273,KADU HONDA LORENA,VALDIR,,
272,KADU HONDA SÃO JOSÉ DOS CAMPOS,,,12*3931-9100
657,KALUNGA,,,
274,KEY EX  IMPORT,EDSON DE O. FILHO,,11*4365-2565
275,KF TECH TELECOM,,,51*3653-7350
577,KIDASEN IND. COM. DE ANTENAS LTDA,Eng Fernando Locate,flocate@aquario.com.br,0800 44 8000
1013,KLEBER NUNES,,,
1173,KLINT DISTRIBUIDORA DE FIOS E CABOS,,,
874,KLINT DISTRIBUIDORA DE FIOS E CABOS LTDA,,,11 4972 9300
276,KODO BR ELETRONICA  LTDA,,,
396,KYOCERA SOLAR DO BRASIL LTDA,,,21 3724-3900
534,L C  VIANA INFORMATICA,,angularcabos@angularcabos.com.br,011) 27815652
750,L.S. DA SILVA TOLEDO RECICLAGEM ME,VALDIR,,36227221
1048,LACTEL TELECOMNICAÇÕES,,vendas@lactel.com.br,011 27213380
582,LANEXIMPORTS,,contato@laneximports.com.br,011 25072842
834,LC,,,
849,LC COMUNICAÇÃO VISUAL,,l.comunicacao@terra.com.br,30220025
426,LCA COMPUTADORES E ACESSORIOS,LARA,Icainfo@terra.com.br,3633-5794
977,LEBLON TECNOLOGIA E COMPUTADORES LTDA,,,(65) 3648-3000
1083,LEONARDO PEREIRA DA ROSA,,,
1177,LEROY MERLIN COMPANHIA BRASILEIRA DE BRI,,,
761,LIBERTY SEGUROS S/A.,,,
382,LIDER INDUSTRIA ELETRONICA LTDA,,,(35) 3471-7777
876,LIDERCON COMÉRCIO E REPRESENTAÇÕES DE CO,,,16 3612 1110
645,LIGASAT,,,5135892820
1181,LIGERO CARNES FRANGOS E FRIOS,,,
537,LIGWAY,,ligway@ligway.com.br,(48)3334-0567
277,LIMACOM PRODUTOS ELETRONICOS,,,11*3337-6290
1036,LINEAR EQUIPAMENTOS E SERVICOS LTDA - ME,,,(11) 2823-8800
278,LINEAR EQUIPAMENTOS ELETRÔNICOS S/A.,,,35*3473-3474
279,LINKTECK,,,19*2113-7787
729,LISIEL DONIZETE BONIFACIO,,,
870,LIVETECH DA BAHIA INDUSTRIA E COMERCIO L,Vinicius Rodrigues,,11 3035.3755
281,LOJA DO MARIO,,,12*3632-3549
280,LOJA N. S. APARECIDA,JOSÉ ANTONIO DOS SANTOS,,12*3633-6602
283,LOJAS CEM,,,12*3632-0588
995,LOJAS TEDDY  ARTIGOS  P PRESENTES LTDA E,,,
791,LOTUFO RETIFICA DE MOTORES,,,3632-1410
846,LUCASFER,,lucasfer@iconet.com.br,(12) 2123-1900
284,LUCIANO FARIA ME,,,12*3635-3920
661,LUCIANO SIMOES,LUCIANO,sup_gscomputer@hotmail.com,1236297928
770,LUIS CARLOS ISABEL,,,
1055,LUIS FERNANDO CARRARO DE PAULA - MEI,Luis Fernando Carraro,luisfernandocarraro@gmail.com,3411-6886
285,LUIZ CLAUDIO - CLARO GERENTE,,,12*3923-7665
730,LUIZ TUAN NETO,,,
287,LUMINE COM. DE PROD.E COMP. ELETRO. LTDA,JARBAS - 9777-6008 ou 12-3351-,jpcomerciais@ig.com.br,19*3604-4324
937,M B DE MOURA BATERIAS - EPP,,contato@batervalebaterias.com.br,(12) 3931-5373
288,M&M COMPANY E EQUI. ELET. LTDA - ME,MARCELO,,19*3296-3199
289,M.C. MULTICAMERA,,,19*6959-5671
290,MACDRY COMERCIO DE MAQUINAS LTDA EPP,,,12*3921-7400
291,MADIS RODBEL-SÃO JOSÉ DOS CAMPOS,,,12*3931-5582
593,MAFER CALHAS E COIFAS,,contato@mafercoifas.com.br,012 3632-4400
1076,MAGAZINE LUIZA S/A,,,
292,MAGNETEC INDUSTRIA ELETROELETRONICA LTDA,,,51*3343-3961
293,MAGNETROL INTERNACIONAL,,,11*6241-5200
294,MAISELETROSHOP,,,31*3891-9095
858,MAKRO ATACADISTA SOCIEDADE ANONIMA,,,1236864555
1022,MARCELO GUILHERME DA SILVA,,GSILVA.MARCELO@HOTMAIL.COM,3426-6136
296,MARCENARIA CASLEI,,,12*3681-3504
297,MARCIO SILVA INDUSTRIA E COMERCIO LTDA,,,12*3621-9021
298,MARCIVAN,,,12*3635-3324
916,MARCON DISTRIBUIDORA,,,
915,MARCON INDÚSTRIA METALÚRGICA LTDA.,,,
504,MARCOS MENS MATERA TAUBATE MM AUTO CENTE,,,36311381
299,MARIA HELENA,,,12*3632-3350
300,MARIA LUCIA DE ORTIZ CAMPOS,,,12*3622-7682
494,MARILDA SILVEIRA SALEM SALES ME,,,36252741
634,MARKET CENTRO DISTRIBUIDORA,,,(11) 5094-0018
301,MARLE MONTEGEM E COMERCIO LTDA,,contato@marlemontagem.com.br,12*3907-8478
302,MATV SUL,,,54*211-8008
917,MAX ELETRON INDUSTRIA ELETRONICA - EIREL,,contato@maxeletron.com.br,17 3225-3152
303,MAX SECURITY,,,11*6946-6141
701,MAXELETRON,,,017 32253152
304,MAXI LAJES LTDA,MONTESUMA,maxilajes@maxilajes.com.br,1236212021
305,MAXICOM EQUIPAMENTOS ELETRONICOS LTDA,,,11*5034-9902
306,MAXIMUS TELECOMUNICAÇÕES,,,14*3366-2251
308,MAXPLAC COM. ACESS.P/ SINALIZAÇÃO LTDA,,,19*3234-1386
309,MBROS DISTRIBUIDORA DE INFORMATICA,,,11*6959-0135
310,MC MICRO,,,11*3758-1006
944,MECANICO - NIVALDO,,,36212854
312,MECANICO GERAL,,,12*3632-2839
1089,MECATRONICA,,,
933,MECATRONICA COMERCIO DE APARELHOS ELETRO,LEONARDO,,3621-5843
1152,MED VALE INDÚSTRIA E COMÉRCIO LTDA,,,
1032,MEDEIREIRA PINHEIRO,,,
313,MEDSEG SEGURANÇA ELETRONICA,LUIZ FERNANDO FRAGA,,19*2121-9299
682,MEG DISTRIBUIDORA - GOIANIA,,,
315,MEGA CABOS IND. E CO. DE CABOS ESP. LTDA,,,11*4638-6009
967,MEGA DISTRIBUIDORA,,,(11) 4487-7939
567,MEGAMS DISTRIBUIDORA,,poa@megams.com.br,(51) 3028-5533
1108,MEGATRON,,,
616,MENDOÇA MOTOS,,,
1164,MERCADO LIVRE,,,
1073,MG REPRESENTACOES,,,
109,MG TEC MANUTENCAO DE FERRAMENTAS ELETRIC,,,(12)  3022-0530
53,MICHIGAN BRASIL TELECOM,ISABEL / VALQUIRIA,,(19) 3881.4060
317,MICRO SWITH ELETRO ELETRONICO LTDA,,,11-3225-2000
318,MICROWAVE WIRELESS COMUNICAÇÕES,,,31*2513-2400
1031,"MIDWEC INDUSTRY CO.,LTD",Jack Gui,sales@midwec.com,
319,MINAS PLACA,,,31*9318-4339
762,MINISTERIO DA PREVIDENCIA SOCIAL,,,
818,MINISTÉRIO DA FAZENDA,,,
320,MISSÃO IMPOSSIVEL,,,11*3361-6068
637,MITAC COMERCIAL ELETRÔNICA LTDA,ANA / DANIELA,contato@showcam.com.br,(11) 3032-0102
697,MITSUPAK INDUSTRIA E COMERCIO LTDA,,,
321,MM AUTO CENTER,,,12*7850-4807
322,MODELO CONCESSIONARIA FIAT,,,12*3934-2000
323,MODENA FIAT,,,12*3625-9900
702,MONTIAÇO - SISTEMAS DE ARMAZEGEM,,,(43) 3379 1600
327,MOROTEX COMERCIO E CONFECÇÕES LTDA,,,11*228-7372
324,MOSCARDINI COM.DE EQUIP.ELET.LTDA,LIA,taubate@castseg.com.br,1234133129
325,MOTOROLA DO BRASIL,,,0800-55-2277
711,MOTOSHOPPING CONCESSIONARIA SUZUKI,,suzukims@uol.com.br,(12) 3432-6602
1000,MOVITRONICS MANUTENÇÃO ELETRONICA,,contato@movitronics.com.br,11 2838-0005
676,MPT FIOS E CABOS ESPECIAIS LTDA,Carlos Pilz,,019 7813.8809
678,MR DISTRIBUIDORA DE INFORMATICA,12-30186357,,12 39029315
49,MS SERVIÇOS CONTABEIS,MAURA,,(12) 3621-5605
328,MSB  BOMBAS E MOTORES,,,12*3648-3366
1047,MULTI LASER GIGA SECURITY,,,(11)3198-5890.
908,MULTICENTER DISTRIBUIDORA,RENATO,,012 3206-6828
1082,MULTICRAFT ELETRONICOS DO BRASIL,,,
1063,MULTIPORT TELECOM,,,
1137,MULTISEG SEGURANÇA ELETRONICA,,,
329,MULTISEG TAUBATÉ,SERGIO / DANIEL,multisegtaubaté@hotmail.com,12*3622-4642
620,MULTITOC,LEANDRO,vendas16@multitoc.com.br,(11) 3855-5000
631,MYATECH,ANTONIO,antonio.santana@myatech.com.br,(11)3028-1900
747,NAIR RECICLAGEM E SUCATAS,,,36354138
900,NASAT DISTRIBUIDORA,EDNEI,dinei.edf@hotmail.com,(18) 99685-2537
331,NATASHACOMEX,,natashacomex@hotmail.com,11*4105-1291
332,NAVE SONORIZAÇÃO,,,12*3913-3829
333,NAYLUX INDUSTRIA DE COMP. ELET. LTDAI,RUBENS,,12*3026-6790
623,NEIDE CATELAN MENDES - ME,,contato@concertinagarone.com.br,011 41271221
334,NEOCAM IMPORTAÇÃO E EXPORTAÇÃO,,,11*2614-0250
1072,NERI REPRESENTACOES ELETRICAS LTDA,,comercial@nerirepresentacoes.com.br,(12) 3921-5708
606,NETPLUS DISTRIBUIDORA,,vendas@netplus.com.br,11 4010-3533
877,NETSUN TECNOLOGIA E SERVIÇOS,,contato@netsunteconologia.com.br,(11) 4796-3000
335,NETWORK1 INTERSMART C.I.E.DE EQU.E.LTDA,,,62*202-9435
578,NEW BACK COMÉRCIO DE SISTEMAS ELETRONICO,,newback@newback.com.br,011 4351-2379
641,NEWLIFE DISTRIBUIDORA DE EQUIPAMENTOS DE,LUIZ ANTONIO DOS SANTOS,contato@newlifedistribuidora.com,012 32076468
1100,NEXANS,,,
1005,NEXTEL TELECOMUNICACOES,,,
535,NFS PROFESSIONAL SERVICES,KATIA,,1123853977
783,NILSON GONÇALVES,,,
336,NIMAC,EDINALDO G MAGALHÃES,,19*3802-2880
338,NIPON LINES CABEÇOTES DE VIDEO,,,11*3311-8922
339,NITRIX,,,35*3471-5531
580,NOVA CASA DE GESSO,,novacasadegesso@uol.com.br,012 3622-8140
340,NOVA FASE DISTRIBUIDORA,MARCO AURELIO,,51*3337-9475
398,NOVANETWORK,,contato@novanetwork.com.br,(19) 3327-6805
374,NRSTORE,,,
397,NRSTORE,,,(18) 3305-9444
795,NUCLEO DE INF. CORD DO PONTO BR - NIC-BR,,,
509,O LOJÃO TECIDOS E CONFECÇÕES LTDA,,,36431300
649,O REI DO ÓLEO TAUBATÉ,,,36337500
809,ODAIR NUNES DA SILVEIRA PEÇAS-ME,,,
47,OFICINA MECANICA DO BÓ,BÓ,,(12) 3622-4401
988,OFICINA MECÂNICA ALARCAO,VALDIR ALARCAO,,3633-5866
938,OKM DISTRIBUIDORA DE BATERIAS,,rpb@baterias0km.com.br,(11) 3071-2060
966,ON DISTRIBUIDORA,,,
975,ONIX SECURITY INDUSTRIA ELETRO-ELETRÔNIC,,,(17) 3500-7777
343,ONLY CFTV,LIGIA,,41*3024-5343
341,ONMILINK,,,11*9941-0412
507,ONOFRE PRIVINO GOMES NETO,,,1123734438
1044,ORACLE DYN GLOBAL BUSINESS UNIT,,,
344,ORIGINAL VEICULOS,,,12*3625-3700
1066,ORIGINAL VEICULOS,,,12 39458000
1067,ORIGINAL VEICULOS,,,3421-3000
1065,ORIGINAL VEICULOS,,,12 39430550
345,ORLA UNIFORMES INDUSTRIAIS,,JGUNIFORMES@GMAIL.COM,12*3633-2826
346,OSA INFORMATICA,OSWALDO,,12*233-2002
947,P. A. T KERR,,,
952,P. H. TUAN BELEM,,,
1015,PAGSEGURO INTERNET LTDA,,,
811,PAN MANUTENÇÃO AUTOMOTIVA,12 99166-3998,panautomotivos@bol.com.br,3681-2077
423,PAPELARIA & CARIMBOS,,criartscarimbos@hotmail.com,
654,PAPELARIA CAMPELO,,,(12) 3632-3011
347,PAPELARIA IRACEMA TAUBATÉ LTDA,SR. ORLANDO,,1236343634
655,PAPELARIA TANBY,,,
390,PARAISO PLASTIC,Paulo Reis Caetano,paraisoplastic.ssp@gmail.com,(35) 9975-2580
425,PARDAL VEÍCULOS,9115-8333,,
1028,PAT POSTO DE ATENDIMENTO AO TRABALHADOR,RENATA,,36323984
599,PAUTA DISTRIBUIÇÃO E LOGÍSTICA SA,,,011 3356.3300
428,PC BRAZIL DISTRIBUIDORA,(012) 39112602,,
1167,PCBWAY,,,
429,PDV (PROJETOS E SISTEMAS DE SEGURANÇA),(13)3684-3721,,
431,PEDRO F. RIBEIRO & CIA LTDA,,,
432,PENNA ELETRICA,(012) 3624-7616,,
628,PERIMETRAL SEGURANCA EIRELI - EPP,BRUNA,perimetral@gmail.com,(31)3538-1230 |
651,PETRO LÍDER DERIVADOS DE PETRÓLEO LTDA .,PRISCILA MARTINS,tmk10@detlub.com.br,11135799210
433,PHOEBE  COM. IMPORT.  EXPORT.  LTDA,(011) 6168-3374,,
434,PIMENTA RALLS UNIFORMES,(012) 3934-2725,,
723,PLANAN FORROS E DIVISORIAS,,atendimento@planam.com.br,0112293-7311
405,PLANTEC DISTRIBUIDORA,,campinas@plantec@plantecdistribuidora.c,019 37738585
435,PLANTEC SISTEMAS DE TELECOMUNICAÇÕES LTD,11 2147-3233,,
436,PNEUS AUTO LINS LTDA,,,(012) 3632-6711
976,POLOTEC INDUSTRIA E COMERCIO LTDA,,polotec@polotec.ind.br,(35) 3471 7048
437,PONTO DAS FERRAMENTAS,,,(12)3621-6718
438,PONTO E ARTE BORDADOS,,,012 36314888
746,PONTOTEC,,comercial01@repacesso.com.br,
356,PORTAL SEG DISTRIBUIDORA TAUBATE,MARCELO,marcos.gigueira@ppa.com.br,(12) 3426-7010
664,PORTGREC DISTRIBUIDORA,Aline Simonetti,vendas@portgrec.com.br,(11) 3801-2996
407,POSONIC DO BRASIL,,julio@posonic.com.br,4135955500
439,POSTO  HORSE  POWER,,,
440,POSTO DE MOLAS J.B. INDEPENDENCIA LTDA,,,3681-1384
441,POTENZA,,,1236811166
931,POWERBRAS INDÚSTRIA ELETRÔNICA LTDA.,,,21 3545-1017
358,PPA MOGI DAS CRUZES (ALTO TIETÊ) - SP,,ppaaltotiete@hotmail.com,(14) 2668 6998
359,PPA SÃO PAULO / ZONA LESTE - SP,,mfaria@ppa.com.br,11  2090 4999
360,PPA SÃO PAULO / ZONA SUL (SAÚDE) - SP,RACHEL,ppasaude@ppa.com.br,11  5586 7880
923,PPA TAUBATÉ,,,
41,PREFEITURA MUNICIPAL DE TAUBATÉ,,,(12) 3625-5000
375,PREMIUM CFTV,,,
442,PREMIUM COMPUTADORES,SIMONE  / JULIANA / carlos,sac@premiumstore.com.br,(012) 3621-2220
443,PROPAGUE ELETRÔNICA,,,(12)3632-9340
942,PROQUALIT TELECOM,,,(11) 4693-9063
565,PROTECNOS TECNOLOGIA EM SEGURANÇA ELET,,pro@protecnos.com.br,(011) 5686-7524
361,PROTER SEGURANÇA ELETRÔNICA,,,(14) 3407 - 1200
444,PROTESHOP,,,(011) 2950 5824
445,PROTEVAP,,,(012) 3633-1711
446,PUBLIVALE PRODUTOS PROMOCIONAIS LTDA,,publivale@superig.com.br,(12) 3652-7080
722,QBEX COMPUTADORES,,,
447,QGSEG DISTRIBUIÇÃO E SOLUÇÕES EM MONITOR,(11) 3313-7722,,1133137722
862,QUALILAN DISTRIBUIDORA,,,12 3958 7735
448,QUALISEG,DANIELA,,(019) 3256-1458
386,QUALITRONIX TECNOLOGIA LTDA.,,,(035) 3471-3300
924,R B DE ALMEIDA INSTALACOES COMERCIAIS E,RICARDO /LUCIMARA,,3432-8574
449,R L BARBOSA JUNIOR ME,,,(017) 237-3869
985,R. TONIN COMERCIO E PREST DE SERV AUTOMO,,,1236318148
1134,R.R.REIS & CIA LTDA - ME,,redecon.org@gmail.com,1234261358
450,R3 INFORMATICA SUPRIMENTOS DE INFORMATIC,Daniele Fahl,,(012) 3922-4126
953,RA DISTRIBUIDORA,,,
617,RACK TELECOM,,vendas@racktelecom.com.br;,1143841061
451,RADIO LINK - PRIANTE & CEJNAR LTDA - ME,JOSÉ PRIANTE    FAX: 3939-7120,,(012) 3942-7137
1143,RADIOENGE EQUIP TELECOM LTD,,,(41) 3308-9155
1122,RAFAEL BONIFACIO,,,
1114,RAFAEL CFTV,992534884,,
1136,RAFAEL MONTEIRO DE SOUZA - MERCADO PAGO,,,
728,RAFHAEL BARBOSA BONAFE 7 CIA LTDA ME,,,3633-6554
744,RALFIX,,,3632-6486
884,RAMIREZ E GALLEGO LTDA,,,(16) 3969-9299
1183,RAZZO DISTRIBUIDORA  PPA,,,
775,RECEITA FEDERAL DE TAUBATÉ,,,
452,REDE  ZACHARIAS,VANESSA,,0800-7727477
958,REDE DE POSTOS SETE ESTRELAS,,,
639,REDE LOCAL DISTRIBUIDORA DE PRODUTOS PAR,,comercial@rlocal.com.br,(11) 3853 - 6618
1153,REDECON CERCAMENTO,,comercial@redeconbarreira.com.br,(12) 3413-6391
453,REDEMCAMP  TELECOMUNICAÇÕES,,,(19) 3257-3300
618,REDES & CIA,,,011 3411-1822
454,REDES TELECOM,fernanda@redestelecom,atendimento@redestelecom.com.br,(027)34343344
455,REI DAS BATERIAS,CARLOS  R. AZEVEDO,,(012) 3942-1161
456,REI DOS CARIMBOS,REINALDO SÉRGIO DE MORAES,,3632-9480
583,REMAN EQUIPAMENTOS ELETRONICOS LTDA - EP,Lia,reman_vendas@hotmail.com;,1236241515
980,REMAN EQUIPAMENTOS ELETRONICOS LTDA - EP,,,(12) 3207-4536
1046,RENAN SALLES LIBERALI CAMARGO,,,
1090,RENATA DOS SANTOS CAMPOS - CENTRALTEC,TULIO,tuliobhz@hotmail.com,35-3582-1340
662,"RENDICOLLA COMÉRCIO, EXPORTAÇÃO E IMPORT",,,(42) 3252 3051
457,RENOVALE RECAUCHUTAGEM COMERCIO PNEUS LT,,,(012) 3635-6117
815,REP ACESSO,CARLOS,comercial@repacesso.com.br,36254692
1071,REPUME ILUMINAÇÃO,,vendas@repume.com.br,55 11 4139.1656
508,RESTAURA CHOQUE BOA VISTA,CABRAL E ALEMÃO 3624-3491,restaurachoqueboavista@hotmail.com,7817-4213
458,RF COMERCIO DE CABOS E TELECOM LTDA,CLAUDIO LOPES,,(11) 2062-6799 /
459,RIZZO UNIFORMES LTDA,DEBORA (011) 218-4550,,(011) 6561-8470
667,RLOCAL DISTRIBUIDORA,,comercial@rlocal.com.br,(11) 3853 - 6618
506,RM DINIZ COMERCIO DE EQUIPAMENTOS ELETRO,,,1156614646
460,RMG ARTEFATOS DE METAL ESTAMPADO LTDA,,,(041) 6681604
1026,RO7 COM IMPORT. EXPORT. PROD. ELETRONICO,,,011 33130595
826,ROGERIO MATERIAL ELETRICOS,ROGERIO,,991055210
461,ROMATI DISTRIBUIDORA,FLAVIO,,(012) 3133-4073
462,ROSANGELA DE FATIMA MOREIRA SINZATO - ME,,,(012) 3621-5426
463,RPM SISTEMAS DE SEGURANÇA LTDA,,,(011)  6959 4771
989,RT SOLUÇÕES EM TECNOLOGIA,,contato@rondotec.ind.br,(45) 3284-1743
695,RUBBERPLASTIC COMERCIO,,vendas@rubberplastic.com.br,(11) 3906-1010
653,RUBENS ARTES GRAFICAS,,,(12) 3632-3527
718,RUBIX,,web@rubix.com.br,41 3557-3626
464,RV(SEGURANÇA,ROGER DE VYLDER,,(19)3534-4110
856,RWTEC,,,
930,S.A DE MORAES LTDA,LIA / DANIEL,,3413-3129
45,SABESP,,,195
1161,SAFFIO SISTEMA ANTIFURTO DE FIOS LTDA.,,,
465,SALPRINT INFORMATICA,WALBER - 9106-1334,,(012) 3622-5999
1105,SAMSUNG,,,
610,SAMTEK,,samtek@samtek.com.br,
668,SANTA CAIXA IND. E COM. DE EMBALAGENS LT,,vendas@santacaixaembalagens.com.br,(11) 3611-0303
466,SANTANA  PNEUS,,,(012) 233-8115
558,SANTIL  MATERIAL ELETRICOS,,,1139983000
467,SATCOM TELECOMUNICAÇÕES LTDA,,,3633-4871
1189,SAVE INTELIGÊNCIA TRIBUTÁRIA,,,
522,SCALLA COMERCIO DE BATERIAS LTDA,,,12 3681-1633
929,SD DISTRUBUIDORA,,,
1039,SEAT INDUSTRIA,,contato@seat.ind.br,(61) 3361-8344
716,SEAT PAINEIS ELETRONICOS,,ALESSANDRO.CAMPOS@SEAT.IND.BR,
943,SEBRAE,,,
468,SECTRA LTDA,RITA,sectra@sectra.com.br,(35) 3471-1334
378,SECURICENTER,,comercial@scenter.com.br,(35) 3471-4000
469,SECURITECH  - PORTO ALEGRE,91846428000105,,(051) 3232-2020
470,SECURITECH SISTEMAS ELETRONICOS LTDA,SANDRA,,(011) 3679-9779
801,SECURITY BARRIERS,,sb@securitybarriers.com.br,0 31 3491-7919
566,SECURITY SHOP,,vendas@securityshop.com.br,1433662266
471,SEED COMERCIAL ELETRO ELETRONICA LTA,VANESSA,,(11) 3335-6141
553,SEG SISTEMAS DE VIGILANCIA ELETRONICA LT,,info@segsis.com.br,
554,SEG ZELADORIA PATRIMONIAL E LOGISTICA LT,NILSON,,
472,SEGCAL CALÇADOS E ACESSORIOS DE SEGURANÇ,,,(11) 2996 1202
800,SEGCENTER DISTRIBUIDORA,Nathália Borri,,(12) 3931-4321
473,SEGVALE PRODUTOS SEGURANCA ELETRONICA LT,LEANDRO / MARCELO JUNIO/9711-,,(012) 3938-1244
852,SEGWARE DO BRASIL LTDA EPP,,,
895,SEKTRONIX DO BRASIL,RONALDO,marketing@sektronix.com.br,(31)3037-2084
1011,SENSORLINE COMERCIAL EIRELI - EPP,Rodrigo,SPI@SEKTRONIX.COM.BR,031 30875422
474,SEP SISTEMAS ELETRONICOS,RODOLFO,,(011) 6424-3356
974,SERASA S/A,,SERASAEXPERIAN.COM.BR,3003-7372
935,SERCAL SERRALHERIA CALDERARIA,,,12  3645-1588
614,SERGINHO MOTOS,,,
951,SERGIO AUGUSTO DE ALMEIDA,,,
690,SERGO AUTO PECAS,,,12992545110
475,SERRALHERIA ARTISTICA EMANUEL,,,9771-3130
753,SERRAS VALE IMPLEMENTOS AGRICOLAS,AGENOR / VAGNER,serrasvale@ig.com.br,36332617
476,SERVAL COMERCIO COMPONENTES ELETRONICOS,,,(012) 3621-4822
820,SERVE VALE BATERIAS LTD,,,(12)3322-5021
236,SERVE VALE BATERIAS LTDA,,cicero.adriano@mourasp.com.br,(12) 3681-1915
956,SETE ESTRELA COMERCIO DE DERIVADOS PETRO,,,
477,SETIMA ARTE UNIFORMES LTDA,,,(011) 6198-4011
833,SHOPDOCFTV.COM,,,
685,SHOWTEC INDÚSTRIA E COMÉRCIO DE ELETRÔNI,,atendimento@showtec.com.br /,11-2682-3636
520,SHPO CFTV PEÇ. E ACES. PARA APARE. ELETR,,,41 32015555
479,SIGNUS(VIVO EMPRESAS),EMERSON DE PAULA,,(12)3937-7449
480,SILKRIAR - CIDALIA M. S. BREVES - ME,CIDALHA,,(012) 3635-1651
1179,SIMPLES SOLUTIONS COMERCIO DE EQUIPAMENT,,,
765,SINDEEPRES-SIND.EMP.PREST.SE,,,
481,SIPROEL INDUSTRIA ELETRÔNICA S/A.,VANILZA,,(041) 3675-4433
482,SISTEMA DLP - EVOLUTIVA - PIAL LEGRAND,(011) 5644-2400,,(011) 5644-1216
1130,SJ SEG COMERCIO DE MATERIAIS ELETROELETR,PAOLA,,012 3519-6982
1133,SJSEG DISTRIBUIIDORA,,,
993,SKOFY CONFECÇÃO & ESTAMPARIA,3624-7985,skofy@ig.com.br,
50,SM SOLUÇOES EM INFORMATICA,SÉRGIO,comercial@smsolucoes.com,(12) 3624-3871
812,SO PORTOES SANTOS COM  PRODUTOS ELETRONI,,,1332214943
48,SODEXO PASS DO BRASIL SERVICOS E COMERCI,,,(11) 3957-5000
484,SOFER COMERCIO DE FERROS,JORGE / GISLAINE,,012 36812676
1124,SOFTMATIC SIST AUTOM INF S C,,,
394,SOLAR BRASIL,,solar@solarbrasil.com.br,1155427980
487,SOLUCOES SISTEMAS DE SEGURANCA LTDA,,,
961,SOLUTECH DISTRIBUIDORA,,nh@solutech.rs,(51)3036-1413
640,SPA CESTAS BÁSICAS,Patricia S. Paiva,,012 3961 3251
613,SPEED MOTOS,,,
622,SPM RIO PRETO COMERCIO DE EQUIPAMEN,PAULO MAZONI,paulomazoni@gmail.com,017 32388531
584,SPYA EXPRESS,Elvira Cristina de Oliveira,spyaradial@spya.net / elvira@spya.net,(11) 2692-4242
488,STAR POWER  RADIOCOMUNICAÇÃO,RITA  OU  IVO,,(011)  222-6867
503,STARTEL VALE TELEINFORMATICA LTDA,,startel@startel.com.br,39226155
489,STEELBEK,FRANKLIN C. FERREIRA,,3623-2969
490,STILL,ALBERTO J. ALMEIDA,,3632-8126
491,STILUS UNIFORMES,http://www.stillouniformes.com.,,011-2099-4798
399,STREAKWAVE DO BRASIL,,vendas@streakwavebrasil.com.br,41 3076-4270
748,SUCATA CHACARA SILVESTRE,EZEQUIEL,,1236296256
1126,SULMINAS FIOS & CABOS LTDA,,,012 36021196
544,SULTON PRODUTOS ELETRÔNICOS LTDA,,falecom@sulton.com.br,(41) 3032-7900
1075,SUPERCOMMERCE LTDA,Carlos Lima,atendimento@segurancajato.com.br,(21)4003-60950
671,SUPERMERCADO DIA,,,
673,SUPERMERCADO ESTIVA,,,
960,SUPERMERCADO HELIO JOSE CAMPOS,,,
672,SUPERMERCADO PÃO DE AÇUCAR - INDEPENDENC,,,
44,SUPLAUTO DISTRIBUIDORA  DE PEÇAS  P/ AUT,MONTIRO,,(12) 2125-7800
541,SUPRAFACIL,,vendas@supracil.com.br,1133413494
656,SUPRICORP SUPRIMENTOS LTDA,,,
679,SUPRITEC DISTRIBUIDORA,12-30186357,,12-39029315
771,SÃO PAULO COMÉRCIO DE SUCATAS LTDA- ME,,,
883,SÓ PORTOES DISTRIBUIDORA DE PROD. ELET.,,,(19) 3371-5767
516,SÓ PORTÕES COMÉRCIO DE PRODUTOS ELETRÔNI,,,012 3934-2088
4,SÓ PORTÕES COMÉRCIO DE PRODUTOS ELETRÔNI,LUZIA,taubate@soportoes.com.br,012 3624-5353
885,SÓ PORTÕES EQUIPAMENTOS DE SEGURANÇA LTD,,,(16) 3461-9299
592,TAUBAFER COMÉRCIO DE FERRO E AÇO LTDA,,,012 36324622
823,TAUBATE BATERIAS,,,
23,TAUBATE BATERIAS CRAW,,MARCOS FERNANDO,(12) 3681-1633
589,TAUBATE FERRO E ACO,,,012 3631-2585
594,"TAUBATÉ CALHAS, RUFOS, COIFAS & CIA",,taubatecalhas@hotmail.com,012 3629-3510
3,TEAMWORK DO BRASIL,VALDIR LIMA,contato@teamworkdobrasil.com.br,123341 4134
585,TEC-WI EQUIPAMENTOS WIRELESS,,,(19) 3829-4947
403,TECH WIRELESS,,contato@techwireless.com.br,(19) 3381-3644
1187,TECNOPARTSBRAZIL,,,
36,TECNOPRINT,,tecnoprintsuprimentos@uol.com.br,
921,TECNOSEG SEGURANÇA ELETRONICA EIRELI EPP,LUCAS,,031 30377885
605,TECNOTRONICS COMERCIO E ASSISTENCIA TECN,,,39056573
920,TECSEG DISTRIBUIDORA,GUSTAVO,,17 32222865
379,TECVOZ ELETRONICA LTDA,,,011 3345-5555
1110,TEGNHER ATIVIDADES DE INTERNET LTDA,,,
875,TELCABOS TELECOMUNICAÇÕES E INFORMÁTICA,,,11 2146 7777
897,TELECOM SHOP.COM.BR,,,019 25141977
629,TELEFONICA S/A,,,
619,TELIS  01210-000,ANDREA,atendimento@telis.com.br.,1123866500
627,TELLARE,vendas@tellare.com.br,,(11) 2469-3971
962,TENDA ATACADO,,,
635,TERA METAIS,ALESSANDRA,,
1141,TF7 QUÍMICA DO BRASIL LTDA.,,,
871,TIVEA GRUPOS GERADORES,,,(47) 4063-9143
417,TMSOFT SOLUÇÕES EM INFORMÁTICA LTDA,Patrick Luis Brandao Bitencourt,,(011) 3337-3050
982,TONETOSEG DISTRIBUIDORA,,,(11) 4127-9378
959,TORCISÃO,,,(11) 2334-9989
1101,TPLINK,,,
608,TRANSCIR,,vendas@transcir.com.br/,011 29502183
688,TRANSPORTADORA RISSO,,,(11) 3933-7570
492,TRC TELECOM LTDA,,trc@telec.com.br,39429494
981,TREFINOX - TREFILACAO E LAMINACAO DE MET,,,(19)3455-2332
1106,TRENDNET,,,
869,TSS TECNOLOGIA EM SISTEMAS DE SEGURANÇA,Viviane Oliveira,,11 3862-0002
913,ULTRAVISÃO PERICIAS E VISTORIAS,TIAGO,,3411-8170
1098,UNICOBA,,,
684,UNIMEC INDUSTRIA HASTES,,contato@unimec.ind.br,019 3463.9116
777,UNIVERSO,,,
542,UNIVERSO CHAPAS,,universo@universochapas.com.br,011 26311460
579,UNIVERSO LED,,contato@universoled.com,(11) 5189-8400
598,UNIVERSO ONLINE - UOL HOSTING,,,8008819011
527,UNO DISTRIBUIDORA EQUI.SEG LTDA,JAISON /  CARLOS,,1143019251
721,USINAGEM PEDROCAR LTDA,,,1236331391
652,VALE SAFE  EPIS,,valesafe@valesafe.com.br,012 3682-1386
556,VALE TELAS LTDA -ME,DANIEL,valetelas@uol.com.br,1236211404
590,VALEFER COMÉRCIO DE FERRO AÇO,,,012 3632-0303
806,VALLEY REPRESENTAÇÕES LTDA,,wagner@valleyrepresentacoes.com,
904,VALOR BRASIL SECURITY SYSTEMS,,contato@valorss.com.br,11 3227-7969
1149,VANSEG COMERCIO E INDUSTRIA LTDA,VANESSA,,14 34715170
720,VELLOSO PARAFUSOS,ARGEMIRO,,012 36813470
1030,VIDRAÇARIA IPANEMA,,,
918,VISION DISTRIBUIDORA,,http://visiondistribuidor.com.br,
1112,VISIONBRAS,,,
1040,VITAL TECH INDUSTRIA E COMERCIO EIRELI,,,019 32737079
511,VIVO S. A.,,,
1138,VOICE DATA,,,011 21014644
495,VOTORANTIM CIMENTOS S.A.,,,81574517
693,VS MOTOS MECANICO OFICINA MOTOS,Wagner,,123432424001234
807,VTEK DISTRIBUIDORA DE SEGURANÇA LTDA,,alex@vtek.com.br,(11) 4221-8822
530,VULCASUL,DAVID,vulcasulepi@vulcasul.com.br,1230252200
1151,W D TRON INDUSTRIAL EIRELI,,,
1146,W E BRASIL INDUSTRIAL LTDA,,,
717,WAIVI COMÉRCIO E SERVIÇOS,,,
857,WALLTEC COMERCIAL LTDA,SHEIDER,,(12) 3424-3733
867,WALLTEC COMERCIAL LTDA - DIVISORIAS,Sr. Sheider,vendas1@walltec.com.br,012 3424-3733
1165,WATANABE DISTRIBUICAO LTDA,,,
1097,WD WESTERN DIGITAL,,,
1003,WEBSOLUTE - SERVIÇOS DE INTERNET LTDA,,,
660,WESTERN DIGITAL,,suportewd@iss-l.com,0800-7704932
669,WESTRON,,vendas02@westron.com.br,51 3024-8324
1010,WF SERVICE,,,12 39391766
972,WINCO SISTEMAS LTDA,,,
1127,WIREFLEX COMERCIO E INDUSTRIA LTDA,,vendas@wireflexcabos.ind.br,(12) 2139-4900
420,WIRELESSCONNECT,Ana Cláudia Tavares,ana@wirelessconnect.com.br,(19) 3368-0819
928,WR DISTRIBUIDORA,,,48 3034-7534 |
914,X JIANG ELETRONICOS EPP,,,
525,Z ANTUNES NETO M.E.,,financeiro@ergtau.com.br,
666,Z TECNOLOGIA,,ac@andrecarlos.com,011 – 2269.4019
1077,ZAN DA SILVA MACHADO INFORMATICA - ME,EDUARDO,,3209-1755
499,ZEEL ELETRO ELETRONICOS LTDA,,,
1061,ZENITE TECNOLOGIA,,contate@zenitetecnologia.com.br,8330442700
1056,ZEVAL - ZELADORIA E PRESTAÇÃO DE SERVIÇO,CELSO,,36812000
1020,ZUZA,,,
